Model,Accuracy (%)
Decision Tree,99.86108354832308
KNN,99.68247668188133
SVM,99.27366540980354
Random Forest,99.89680492161142
